{
    "loss": 0.14785252511501312,
    "accuracy": 0.948051929473877
}