{
    "loss": 0.16700100898742676,
    "accuracy": 0.9350649118423462
}