{
    "loss": 0.180363729596138,
    "accuracy": 0.9350649118423462
}